<?xml version="1.0" encoding="UTF-8"?>
<project-private xmlns="http://www.netbeans.org/ns/project-private/1">
    <editor-bookmarks xmlns="http://www.netbeans.org/ns/editor-bookmarks/2" lastBookmarkId="0"/>
    <open-files xmlns="http://www.netbeans.org/ns/projectui-open-files/2">
        <group>
            <file>file:/C:/Users/dhair/OneDrive/Desktop/AJT_Project/web/login.html</file>
            <file>file:/C:/Users/dhair/OneDrive/Desktop/AJT_Project/src/java/login.java</file>
            <file>file:/C:/Users/dhair/OneDrive/Desktop/AJT_Project/web/cart.jsp</file>
            <file>file:/C:/Users/dhair/OneDrive/Desktop/AJT_Project/src/java/forgot.java</file>
            <file>file:/C:/Users/dhair/OneDrive/Desktop/AJT_Project/web/forgot.html</file>
            <file>file:/C:/Users/dhair/OneDrive/Desktop/AJT_Project/web/index.jsp</file>
        </group>
    </open-files>
</project-private>
